method,variant,episodes,mean_msmi_per_100,sd_msmi_per_100,mean_coverage,mean_mutual_acceptances_per_100,mean_ask_cost
core_max_matching,cold_start,3,0.3333333333333333,0.5773502691896257,0.35,6.666666666666667,231
core_max_matching,delayed,3,0.3333333333333333,0.28867513459481287,0.39,6.166666666666667,190
core_max_matching,development,3,0.16666666666666666,0.28867513459481287,0.395,6.5,190
core_max_matching,drift,3,0.16666666666666666,0.28867513459481287,0.395,5.833333333333333,190
core_max_matching,shift,3,0.16666666666666666,0.28867513459481287,0.395,7.333333333333333,190
core_max_matching,sparse,3,0.0,0.0,0.14666666666666667,1.1666666666666667,174
ga_tuned,cold_start,3,0.3333333333333333,0.5773502691896257,0.35,6.666666666666667,231
ga_tuned,delayed,3,0.5,0.0,0.39,6.0,190
ga_tuned,development,3,0.16666666666666666,0.28867513459481287,0.395,7.0,190
ga_tuned,drift,3,0.16666666666666666,0.28867513459481287,0.395,6.333333333333333,190
ga_tuned,shift,3,0.16666666666666666,0.28867513459481287,0.395,7.833333333333333,190
ga_tuned,sparse,3,0.0,0.0,0.14666666666666667,1.1666666666666667,174
gp_mean,cold_start,3,0.3333333333333333,0.5773502691896257,0.35,6.666666666666667,231
gp_mean,delayed,3,0.5,0.0,0.3783333333333333,5.333333333333333,190
gp_mean,development,3,0.16666666666666666,0.28867513459481287,0.38,5.333333333333333,190
gp_mean,drift,3,0.16666666666666666,0.28867513459481287,0.38,4.833333333333333,190
gp_mean,shift,3,0.16666666666666666,0.28867513459481287,0.38,6.5,190
gp_mean,sparse,3,0.0,0.0,0.14666666666666667,1.1666666666666667,174
gp_ucb,cold_start,3,0.3333333333333333,0.5773502691896257,0.35,6.666666666666667,231
gp_ucb,delayed,3,0.5,0.0,0.39,6.833333333333333,190
gp_ucb,development,3,0.5,0.0,0.395,8.0,190
gp_ucb,drift,3,0.5,0.0,0.395,7.333333333333333,190
gp_ucb,shift,3,0.5,0.0,0.395,8.166666666666666,190
gp_ucb,sparse,3,0.0,0.0,0.14666666666666667,1.1666666666666667,174
greedy,cold_start,3,0.8333333333333334,0.28867513459481287,0.3516666666666667,6.666666666666667,231
greedy,delayed,3,0.5,0.5,0.395,7.166666666666667,190
greedy,development,3,0.3333333333333333,0.28867513459481287,0.4,7.666666666666667,190
greedy,drift,3,0.3333333333333333,0.28867513459481287,0.4,7.0,190
greedy,shift,3,0.3333333333333333,0.28867513459481287,0.4,7.0,190
greedy,sparse,3,0.0,0.0,0.14666666666666667,1.0,174
max_weight_similarity,cold_start,3,0.5,0.8660254037844386,0.3516666666666667,7.0,231
max_weight_similarity,delayed,3,0.6666666666666666,0.28867513459481287,0.39166666666666666,7.166666666666667,190
max_weight_similarity,development,3,0.3333333333333333,0.28867513459481287,0.39666666666666667,7.5,190
max_weight_similarity,drift,3,0.3333333333333333,0.28867513459481287,0.39666666666666667,6.666666666666667,190
max_weight_similarity,shift,3,0.5,0.5,0.39666666666666667,7.0,190
max_weight_similarity,sparse,3,0.0,0.0,0.14666666666666667,1.1666666666666667,174
no_ask,cold_start,3,0.0,0.0,0.08,1.6666666666666667,0
no_ask,delayed,3,0.16666666666666666,0.28867513459481287,0.15333333333333332,2.0,0
no_ask,development,3,0.16666666666666666,0.28867513459481287,0.155,2.0,0
no_ask,drift,3,0.16666666666666666,0.28867513459481287,0.155,1.8333333333333333,0
no_ask,shift,3,0.16666666666666666,0.28867513459481287,0.155,2.8333333333333335,0
no_ask,sparse,3,0.0,0.0,0.03666666666666667,0.5,0
potential_ask,cold_start,3,0.16666666666666666,0.28867513459481287,0.355,7.166666666666667,231
potential_ask,delayed,3,0.5,0.5,0.3933333333333333,7.333333333333333,190
potential_ask,development,3,1.1666666666666667,0.28867513459481287,0.39666666666666667,8.0,190
potential_ask,drift,3,1.1666666666666667,0.28867513459481287,0.39666666666666667,7.166666666666667,190
potential_ask,shift,3,0.8333333333333334,0.28867513459481287,0.3983333333333333,7.5,190
potential_ask,sparse,3,0.0,0.0,0.14666666666666667,1.3333333333333333,173
potential_ask_greedy,cold_start,3,0.3333333333333333,0.28867513459481287,0.355,7.5,231
potential_ask_greedy,delayed,3,0.5,0.5,0.39666666666666667,6.833333333333333,190
potential_ask_greedy,development,3,1.0,0.0,0.39666666666666667,7.0,190
potential_ask_greedy,drift,3,1.0,0.0,0.39666666666666667,6.5,190
potential_ask_greedy,shift,3,0.8333333333333334,0.28867513459481287,0.39666666666666667,7.0,190
potential_ask_greedy,sparse,3,0.0,0.0,0.14666666666666667,1.1666666666666667,173
random_feasible,cold_start,3,0.3333333333333333,0.28867513459481287,0.3516666666666667,5.5,231
random_feasible,delayed,3,0.5,0.0,0.3933333333333333,7.333333333333333,190
random_feasible,development,3,0.16666666666666666,0.28867513459481287,0.39666666666666667,7.333333333333333,190
random_feasible,drift,3,0.16666666666666666,0.28867513459481287,0.39666666666666667,7.0,190
random_feasible,shift,3,0.5,0.5,0.4,7.0,190
random_feasible,sparse,3,0.0,0.0,0.14666666666666667,1.0,174
thompson_pattern,cold_start,3,0.8333333333333334,1.0408329997330663,0.3516666666666667,7.333333333333333,231
thompson_pattern,delayed,3,0.5,0.0,0.39,6.833333333333333,190
thompson_pattern,development,3,0.5,0.5,0.3983333333333333,6.666666666666667,190
thompson_pattern,drift,3,0.5,0.5,0.3983333333333333,6.166666666666667,190
thompson_pattern,shift,3,0.5,0.5,0.3983333333333333,7.166666666666667,190
thompson_pattern,sparse,3,0.0,0.0,0.14666666666666667,1.1666666666666667,174
