method,seed,variant,valid,msmi_per_100_arrived_members,coverage,mutual_acceptances_per_100,ask_cost,served_members,unserved_members,mean_first_intro_wait_days,policy_wall_seconds_in_process
greedy,101,development,True,0.5,0.46,9.0,198,92,108,6.25,4.919971535999991
greedy,202,development,True,0.0,0.365,6.0,189,73,127,6.506849315068493,5.304108162999967
greedy,303,development,True,0.5,0.375,8.0,183,75,125,7.24,5.120109605999971
greedy,101,sparse,True,0.0,0.175,2.0,192,35,165,6.942857142857143,5.84818956700002
greedy,202,sparse,True,0.0,0.09,0.0,162,18,182,4.722222222222222,6.254902247999951
greedy,303,sparse,True,0.0,0.175,1.0,168,35,165,5.114285714285714,5.624826573000064
greedy,101,cold_start,True,0.5,0.435,7.5,246,87,113,8.563218390804598,5.304448948999948
greedy,202,cold_start,True,1.0,0.295,6.5,207,59,141,8.76271186440678,5.482523809999975
greedy,303,cold_start,True,1.0,0.325,6.0,240,65,135,9.23076923076923,5.530410366000069
greedy,101,delayed,True,1.0,0.455,9.5,198,91,109,6.681318681318682,4.80044780500009
greedy,202,delayed,True,0.0,0.36,5.5,189,72,128,6.763888888888889,5.193368830000054
greedy,303,delayed,True,0.5,0.37,6.5,183,74,126,7.337837837837838,5.141735335000021
greedy,101,shift,True,0.5,0.46,9.5,198,92,108,6.021739130434782,5.040073692999954
greedy,202,shift,True,0.0,0.365,4.5,189,73,127,6.438356164383562,5.226758439000037
greedy,303,shift,True,0.5,0.375,7.0,183,75,125,7.48,5.321898531999977
greedy,101,drift,True,0.5,0.46,8.0,198,92,108,6.25,4.933060210000008
greedy,202,drift,True,0.0,0.365,5.5,189,73,127,6.506849315068493,5.376580051000019
greedy,303,drift,True,0.5,0.375,7.5,183,75,125,7.24,5.219481622000103
no_ask,101,development,True,0.5,0.215,3.0,0,43,157,4.441860465116279,6.143367307999938
no_ask,202,development,True,0.0,0.14,2.5,0,28,172,5.142857142857143,6.39925047600002
no_ask,303,development,True,0.0,0.11,0.5,0,22,178,6.863636363636363,6.416863480000075
no_ask,101,sparse,True,0.0,0.065,1.0,0,13,187,3.769230769230769,6.524291156999993
no_ask,202,sparse,True,0.0,0.025,0.0,0,5,195,3,6.780503272000033
no_ask,303,sparse,True,0.0,0.02,0.5,0,4,196,4.5,6.171937195999931
no_ask,101,cold_start,True,0.0,0.12,3.0,0,24,176,2.7916666666666665,6.671399828000062
no_ask,202,cold_start,True,0.0,0.065,1.0,0,13,187,4.384615384615385,6.660013233999962
no_ask,303,cold_start,True,0.0,0.055,1.0,0,11,189,4.090909090909091,7.052763062000054
no_ask,101,delayed,True,0.5,0.215,3.5,0,43,157,4.674418604651163,6.2157324769999605
no_ask,202,delayed,True,0.0,0.135,2.0,0,27,173,4.814814814814815,6.404663512999946
no_ask,303,delayed,True,0.0,0.11,0.5,0,22,178,6.863636363636363,6.510373116999972
no_ask,101,shift,True,0.5,0.215,3.5,0,43,157,4.441860465116279,6.16804119599999
no_ask,202,shift,True,0.0,0.14,3.0,0,28,172,3.7857142857142856,6.412623713000016
no_ask,303,shift,True,0.0,0.11,2.0,0,22,178,7.7727272727272725,6.289474089000009
no_ask,101,drift,True,0.5,0.215,3.0,0,43,157,4.441860465116279,6.236057597000013
no_ask,202,drift,True,0.0,0.14,2.5,0,28,172,5.142857142857143,6.448127053999997
no_ask,303,drift,True,0.0,0.11,0.0,0,22,178,6.863636363636363,6.286087475000045
random_feasible,101,development,True,0.0,0.465,8.0,198,93,107,5.537634408602151,5.314186495999934
random_feasible,202,development,True,0.0,0.37,6.0,189,74,126,6.324324324324325,5.537765798999999
random_feasible,303,development,True,0.5,0.355,8.0,183,71,129,6.535211267605634,5.347868435999999
random_feasible,101,sparse,True,0.0,0.175,1.5,192,35,165,6.714285714285714,6.17713225
random_feasible,202,sparse,True,0.0,0.09,0.5,162,18,182,4.722222222222222,6.390650026000003
random_feasible,303,sparse,True,0.0,0.175,1.0,168,35,165,5.3428571428571425,5.700121350000018
random_feasible,101,cold_start,True,0.5,0.44,6.5,246,88,112,8.443181818181818,5.489962777999949
random_feasible,202,cold_start,True,0.0,0.29,5.5,207,58,142,8.10344827586207,5.777386260000071
random_feasible,303,cold_start,True,0.5,0.325,4.5,240,65,135,8.584615384615384,5.655720604999942
random_feasible,101,delayed,True,0.5,0.46,9.0,198,92,108,6.163043478260869,4.950269339999977
random_feasible,202,delayed,True,0.5,0.365,5.5,189,73,127,6.698630136986301,5.3483507370000325
random_feasible,303,delayed,True,0.5,0.355,7.5,183,71,129,6.957746478873239,5.0435431920000156
random_feasible,101,shift,True,0.5,0.465,7.0,198,93,107,5.623655913978495,5.081568143000027
random_feasible,202,shift,True,0.0,0.37,6.0,189,74,126,6.324324324324325,5.535115592000011
random_feasible,303,shift,True,1.0,0.365,8.0,183,73,127,6.821917808219178,5.173131463000004
random_feasible,101,drift,True,0.0,0.465,8.0,198,93,107,5.537634408602151,5.120686719999981
random_feasible,202,drift,True,0.0,0.37,5.5,189,74,126,6.324324324324325,5.489699317000031
random_feasible,303,drift,True,0.5,0.355,7.5,183,71,129,6.535211267605634,5.1943711970000095
max_weight_similarity,101,development,True,0.5,0.46,9.5,198,92,108,6.0978260869565215,5.136328110000022
max_weight_similarity,202,development,True,0.0,0.365,5.0,189,73,127,7.465753424657534,5.484891285999993
max_weight_similarity,303,development,True,0.5,0.365,8.0,183,73,127,6.3561643835616435,5.205868536000025
max_weight_similarity,101,sparse,True,0.0,0.175,2.0,192,35,165,6.942857142857143,5.999872695000022
max_weight_similarity,202,sparse,True,0.0,0.09,0.5,162,18,182,4.722222222222222,6.4498573509999915
max_weight_similarity,303,sparse,True,0.0,0.175,1.0,168,35,165,5.3428571428571425,5.816255598999987
max_weight_similarity,101,cold_start,True,0.0,0.445,7.0,246,89,111,9.146067415730338,5.632254982999939
max_weight_similarity,202,cold_start,True,0.0,0.29,6.5,207,58,142,8.551724137931034,5.639991004999956
max_weight_similarity,303,cold_start,True,1.5,0.32,7.5,240,64,136,9.078125,5.581142584000077
max_weight_similarity,101,delayed,True,1.0,0.455,9.5,198,91,109,6.626373626373627,5.015404716000035
max_weight_similarity,202,delayed,True,0.5,0.36,4.5,189,72,128,7.444444444444445,5.4559191120000605
max_weight_similarity,303,delayed,True,0.5,0.36,7.5,183,72,128,6.013888888888889,5.2690724660000114
max_weight_similarity,101,shift,True,0.5,0.46,9.5,198,92,108,5.945652173913044,5.256105585
max_weight_similarity,202,shift,True,0.0,0.37,4.0,189,74,126,6.621621621621622,5.702190976999987
max_weight_similarity,303,shift,True,1.0,0.36,7.5,183,72,128,6.041666666666667,5.293320922000021
max_weight_similarity,101,drift,True,0.5,0.46,8.5,198,92,108,6.0978260869565215,5.383758474999922
max_weight_similarity,202,drift,True,0.0,0.365,4.5,189,73,127,7.465753424657534,5.729580034000037
max_weight_similarity,303,drift,True,0.5,0.365,7.0,183,73,127,6.3561643835616435,5.748209174000067
thompson_pattern,101,development,True,0.5,0.46,8.5,198,92,108,5.880434782608695,5.32342260300004
thompson_pattern,202,development,True,0.0,0.365,4.0,189,73,127,7.904109589041096,5.714019825999912
thompson_pattern,303,development,True,1.0,0.37,7.5,183,74,126,6.081081081081081,5.549746251999977
thompson_pattern,101,sparse,True,0.0,0.175,1.5,192,35,165,6.714285714285714,6.049088076999965
thompson_pattern,202,sparse,True,0.0,0.09,0.5,162,18,182,4.722222222222222,6.5701134839999895
thompson_pattern,303,sparse,True,0.0,0.175,1.5,168,35,165,5.114285714285714,5.873659178000025
thompson_pattern,101,cold_start,True,0.5,0.445,7.5,246,89,111,9.089887640449438,5.598255136000034
thompson_pattern,202,cold_start,True,0.0,0.285,7.0,207,57,143,8.105263157894736,5.794790748000082
thompson_pattern,303,cold_start,True,2.0,0.325,7.5,240,65,135,9.292307692307693,5.6989875719999645
thompson_pattern,101,delayed,True,0.5,0.455,8.5,198,91,109,6.208791208791209,5.037606738000022
thompson_pattern,202,delayed,True,0.5,0.345,5.0,189,69,131,7.173913043478261,5.4397792080000045
thompson_pattern,303,delayed,True,0.5,0.37,7.0,183,74,126,6.513513513513513,5.263925190000009
thompson_pattern,101,shift,True,0.5,0.46,9.0,198,92,108,5.891304347826087,5.1385240309999745
thompson_pattern,202,shift,True,0.0,0.365,5.5,189,73,127,8.04109589041096,5.482083009999997
thompson_pattern,303,shift,True,1.0,0.37,7.0,183,74,126,6.081081081081081,5.355754695999963
thompson_pattern,101,drift,True,0.5,0.46,8.0,198,92,108,5.880434782608695,5.418833012999926
thompson_pattern,202,drift,True,0.0,0.365,4.0,189,73,127,7.904109589041096,5.669398768000065
thompson_pattern,303,drift,True,1.0,0.37,6.5,183,74,126,6.081081081081081,5.461385066000048
gp_mean,101,development,True,0.5,0.41,4.5,198,82,118,5.378048780487805,5.908147099999951
gp_mean,202,development,True,0.0,0.365,4.0,189,73,127,6.191780821917808,5.60879925200004
gp_mean,303,development,True,0.0,0.365,7.5,183,73,127,6.671232876712328,5.326961337999933
gp_mean,101,sparse,True,0.0,0.175,2.0,192,35,165,7.314285714285714,5.960027338000032
gp_mean,202,sparse,True,0.0,0.09,0.5,162,18,182,4.722222222222222,6.48611256200013
gp_mean,303,sparse,True,0.0,0.175,1.0,168,35,165,5.3428571428571425,5.731368110999938
gp_mean,101,cold_start,True,0.0,0.445,7.0,246,89,111,8.98876404494382,5.548605829000053
gp_mean,202,cold_start,True,0.0,0.285,6.5,207,57,143,8.24561403508772,5.700578840999924
gp_mean,303,cold_start,True,1.0,0.32,6.5,240,64,136,9.390625,5.994210579999844
gp_mean,101,delayed,True,0.5,0.415,6.0,198,83,117,5.421686746987952,5.453581153999949
gp_mean,202,delayed,True,0.5,0.36,4.0,189,72,128,6.097222222222222,5.543435111999997
gp_mean,303,delayed,True,0.5,0.36,6.0,183,72,128,6.333333333333333,5.438084118000006
gp_mean,101,shift,True,0.5,0.41,5.5,198,82,118,5.378048780487805,5.781140812999865
gp_mean,202,shift,True,0.0,0.365,6.0,189,73,127,6.191780821917808,5.51947138200012
gp_mean,303,shift,True,0.0,0.365,8.0,183,73,127,6.493150684931507,5.421702638999932
gp_mean,101,drift,True,0.5,0.41,4.5,198,82,118,5.378048780487805,5.921375945999898
gp_mean,202,drift,True,0.0,0.365,3.5,189,73,127,6.191780821917808,5.582944591999876
gp_mean,303,drift,True,0.0,0.365,6.5,183,73,127,6.671232876712328,5.537433534999991
gp_ucb,101,development,True,0.5,0.46,11.0,198,92,108,5.826086956521739,5.307804597000086
gp_ucb,202,development,True,0.5,0.365,4.0,189,73,127,6.438356164383562,5.586091527000008
gp_ucb,303,development,True,0.5,0.36,9.0,183,72,128,6.402777777777778,5.605601109999952
gp_ucb,101,sparse,True,0.0,0.175,2.0,192,35,165,7.314285714285714,6.3050622470000235
gp_ucb,202,sparse,True,0.0,0.09,0.5,162,18,182,4.722222222222222,6.8443962280000505
gp_ucb,303,sparse,True,0.0,0.175,1.0,168,35,165,5.3428571428571425,5.961882611999954
gp_ucb,101,cold_start,True,0.0,0.445,7.0,246,89,111,8.98876404494382,5.558257779999849
gp_ucb,202,cold_start,True,0.0,0.285,6.5,207,57,143,8.24561403508772,5.942521295000006
gp_ucb,303,cold_start,True,1.0,0.32,6.5,240,64,136,9.671875,5.821830784999975
gp_ucb,101,delayed,True,0.5,0.455,8.5,198,91,109,6.3076923076923075,5.036656114999914
gp_ucb,202,delayed,True,0.5,0.36,6.0,189,72,128,6.236111111111111,5.60327929999994
gp_ucb,303,delayed,True,0.5,0.355,6.0,183,71,129,6.056338028169014,5.2996770099998685
gp_ucb,101,shift,True,0.5,0.46,10.5,198,92,108,5.478260869565218,5.144130948999873
gp_ucb,202,shift,True,0.5,0.365,6.0,189,73,127,6.438356164383562,5.452929455000003
gp_ucb,303,shift,True,0.5,0.36,8.0,183,72,128,6.222222222222222,5.462549022999838
gp_ucb,101,drift,True,0.5,0.46,10.0,198,92,108,5.717391304347826,5.337136540000074
gp_ucb,202,drift,True,0.5,0.365,4.0,189,73,127,6.438356164383562,5.781265228999928
gp_ucb,303,drift,True,0.5,0.36,8.0,183,72,128,6.402777777777778,5.322862052999881
potential_ask,101,development,True,1.0,0.465,10.5,198,93,107,6.043010752688172,5.547135630000184
potential_ask,202,development,True,1.0,0.355,6.5,189,71,129,7.211267605633803,6.19724308800005
potential_ask,303,development,True,1.5,0.37,7.0,183,74,126,6.5675675675675675,5.792043613999795
potential_ask,101,sparse,True,0.0,0.175,1.5,192,35,165,6.085714285714285,6.388282581000112
potential_ask,202,sparse,True,0.0,0.09,1.0,162,18,182,5.555555555555555,6.750546907000171
potential_ask,303,sparse,True,0.0,0.175,1.5,165,35,165,4.4,6.271319181999843
potential_ask,101,cold_start,True,0.5,0.445,9.0,246,89,111,10.258426966292134,6.185805719999962
potential_ask,202,cold_start,True,0.0,0.29,6.5,207,58,142,8.862068965517242,6.355111863000047
potential_ask,303,cold_start,True,0.0,0.33,6.0,240,66,134,8.409090909090908,6.291367767999873
potential_ask,101,delayed,True,1.0,0.455,9.5,198,91,109,6.329670329670329,5.313641865999898
potential_ask,202,delayed,True,0.0,0.355,6.0,189,71,129,7.971830985915493,5.7875588899999
potential_ask,303,delayed,True,0.5,0.37,6.5,183,74,126,6.662162162162162,5.677068115000111
potential_ask,101,shift,True,0.5,0.465,8.5,198,93,107,6.118279569892473,5.551566191999882
potential_ask,202,shift,True,1.0,0.36,7.5,189,72,128,7.125,5.7450204950000625
potential_ask,303,shift,True,1.0,0.37,6.5,183,74,126,6.648648648648648,5.6928130090000195
potential_ask,101,drift,True,1.0,0.465,9.5,198,93,107,6.043010752688172,5.53919056299992
potential_ask,202,drift,True,1.0,0.355,5.5,189,71,129,7.211267605633803,5.686601604000089
potential_ask,303,drift,True,1.5,0.37,6.5,183,74,126,6.5675675675675675,5.638578091999989
ga_tuned,101,development,True,0.5,0.455,8.5,198,91,109,6.1208791208791204,5.088865414000111
ga_tuned,202,development,True,0.0,0.365,5.0,189,73,127,6.506849315068493,5.574043028999995
ga_tuned,303,development,True,0.0,0.365,7.5,183,73,127,6.671232876712328,5.306831484999975
ga_tuned,101,sparse,True,0.0,0.175,2.0,192,35,165,7.314285714285714,6.403371363999895
ga_tuned,202,sparse,True,0.0,0.09,0.5,162,18,182,4.722222222222222,6.5187286529999255
ga_tuned,303,sparse,True,0.0,0.175,1.0,168,35,165,5.3428571428571425,5.861253369999986
ga_tuned,101,cold_start,True,0.0,0.445,7.0,246,89,111,8.98876404494382,5.5211469079999915
ga_tuned,202,cold_start,True,0.0,0.285,6.5,207,57,143,8.24561403508772,5.635436521999964
ga_tuned,303,cold_start,True,1.0,0.32,6.5,240,64,136,9.515625,5.615951606999943
ga_tuned,101,delayed,True,0.5,0.45,8.0,198,90,110,6.411111111111111,4.958884738000052
ga_tuned,202,delayed,True,0.5,0.36,3.5,189,72,128,6.263888888888889,5.687783477000039
ga_tuned,303,delayed,True,0.5,0.36,6.5,183,72,128,6.333333333333333,5.221786669000039
ga_tuned,101,shift,True,0.5,0.455,10.5,198,91,109,5.967032967032967,5.063386674999947
ga_tuned,202,shift,True,0.0,0.365,5.0,189,73,127,6.506849315068493,5.459003504000066
ga_tuned,303,shift,True,0.0,0.365,8.0,183,73,127,6.493150684931507,5.221043128000019
ga_tuned,101,drift,True,0.5,0.455,8.0,198,91,109,6.1208791208791204,5.091253707000078
ga_tuned,202,drift,True,0.0,0.365,4.5,189,73,127,6.506849315068493,5.501617181000029
ga_tuned,303,drift,True,0.0,0.365,6.5,183,73,127,6.671232876712328,5.34780402399997
core_max_matching,101,development,True,0.5,0.46,9.5,198,92,108,6.260869565217392,5.038370891000113
core_max_matching,202,development,True,0.0,0.365,4.0,189,73,127,6.410958904109589,5.6091294179998386
core_max_matching,303,development,True,0.0,0.36,6.0,183,72,128,6.763888888888889,5.317410236999876
core_max_matching,101,sparse,True,0.0,0.175,2.0,192,35,165,7.314285714285714,5.998811290999811
core_max_matching,202,sparse,True,0.0,0.09,0.5,162,18,182,4.722222222222222,6.466758685000059
core_max_matching,303,sparse,True,0.0,0.175,1.0,168,35,165,5.3428571428571425,5.788388084999951
core_max_matching,101,cold_start,True,0.0,0.445,7.0,246,89,111,8.98876404494382,5.59822723000002
core_max_matching,202,cold_start,True,0.0,0.285,6.5,207,57,143,8.24561403508772,5.722646096000062
core_max_matching,303,cold_start,True,1.0,0.32,6.5,240,64,136,9.515625,5.637764123999887
core_max_matching,101,delayed,True,0.5,0.455,9.0,198,91,109,6.65934065934066,5.030754215000115
core_max_matching,202,delayed,True,0.5,0.36,3.5,189,72,128,6.277777777777778,5.6543934460000855
core_max_matching,303,delayed,True,0.0,0.355,6.0,183,71,129,6.422535211267606,5.322739624000178
core_max_matching,101,shift,True,0.5,0.46,10.5,198,92,108,6.108695652173913,5.040083405000132
core_max_matching,202,shift,True,0.0,0.365,5.0,189,73,127,6.410958904109589,5.4891726000000745
core_max_matching,303,shift,True,0.0,0.36,6.5,183,72,128,6.722222222222222,5.376064789000111
core_max_matching,101,drift,True,0.5,0.46,9.0,198,92,108,6.260869565217392,5.184310219000054
core_max_matching,202,drift,True,0.0,0.365,3.5,189,73,127,6.410958904109589,5.530090319999999
core_max_matching,303,drift,True,0.0,0.36,5.0,183,72,128,6.763888888888889,5.481807287000038
potential_ask_greedy,101,development,True,1.0,0.465,8.0,198,93,107,5.774193548387097,5.4808432509998966
potential_ask_greedy,202,development,True,1.0,0.355,7.0,189,71,129,7.028169014084507,5.694290427999931
potential_ask_greedy,303,development,True,1.0,0.37,6.0,183,74,126,7.581081081081081,5.505151300999842
potential_ask_greedy,101,sparse,True,0.0,0.175,1.5,192,35,165,6.085714285714285,6.363780494999901
potential_ask_greedy,202,sparse,True,0.0,0.09,0.5,162,18,182,5.555555555555555,6.780107098000144
potential_ask_greedy,303,sparse,True,0.0,0.175,1.5,165,35,165,4.171428571428572,5.897944191000079
potential_ask_greedy,101,cold_start,True,0.5,0.445,11.0,246,89,111,10.9438202247191,6.108692889999929
potential_ask_greedy,202,cold_start,True,0.5,0.295,6.5,207,59,141,9.59322033898305,5.954585151999936
potential_ask_greedy,303,cold_start,True,0.0,0.325,5.0,240,65,135,8.815384615384616,6.107383095999921
potential_ask_greedy,101,delayed,True,1.0,0.455,7.5,198,91,109,5.824175824175824,5.16212589099996
potential_ask_greedy,202,delayed,True,0.0,0.36,6.5,189,72,128,8.583333333333334,5.556256499000028
potential_ask_greedy,303,delayed,True,0.5,0.375,6.5,183,75,125,7.866666666666666,5.430563713000083
potential_ask_greedy,101,shift,True,0.5,0.465,8.0,198,93,107,5.795698924731183,5.324090966999847
potential_ask_greedy,202,shift,True,1.0,0.355,5.5,189,71,129,6.647887323943662,5.6373957329999485
potential_ask_greedy,303,shift,True,1.0,0.37,7.5,183,74,126,7.6891891891891895,5.550025307000169
potential_ask_greedy,101,drift,True,1.0,0.465,7.0,198,93,107,5.774193548387097,5.34368071300014
potential_ask_greedy,202,drift,True,1.0,0.355,6.5,189,71,129,7.028169014084507,5.730156749000116
potential_ask_greedy,303,drift,True,1.0,0.37,6.0,183,74,126,7.581081081081081,5.68591728399997
