method,label,episodes,msmi_per_100,coverage,mutual_acceptances_per_100,mean_ask_cost,mean_in_process_seconds,development,sparse,cold_start,delayed,shift,drift
no_ask,No clarification,18,0.1111111111111111,0.1225,1.8055555555555556,0,6.432864958000001,0.16666666666666666,0.0,0.0,0.16666666666666666,0.16666666666666666,0.16666666666666666
random_feasible,Random feasible,18,0.2777777777777778,0.3475,5.861111111111111,194.16666666666666,5.462640538944445,0.16666666666666666,0.0,0.3333333333333333,0.5,0.5,0.16666666666666666
greedy,Greedy + default asks,18,0.3888888888888889,0.3488888888888889,6.083333333333333,194.16666666666666,5.31349418527779,0.3333333333333333,0.0,0.8333333333333334,0.5,0.3333333333333333,0.3333333333333333
potential_ask_greedy,Potential asks + greedy,18,0.6111111111111112,0.34805555555555556,6.0,194,5.739610597666658,1.0,0.0,0.3333333333333333,0.5,0.8333333333333334,1.0
potential_ask,Potential asks + max-weight,18,0.638888888888889,0.3477777777777778,6.416666666666667,194,5.911716398833328,1.1666666666666667,0.0,0.16666666666666666,0.5,0.8333333333333334,1.1666666666666667
potential_ask_thompson,Potential asks + Thompson,18,0.1388888888888889,0.3502777777777778,6.444444444444445,194,4.54785887983332,0.16666666666666666,0.0,0.16666666666666666,0.0,0.3333333333333333,0.16666666666666666
potential_ask_gp_ucb,Potential asks + GP-UCB,18,0.4722222222222222,0.3486111111111111,6.722222222222222,194,4.627221536944414,0.8333333333333334,0.0,0.16666666666666666,0.5,0.5,0.8333333333333334
hybrid_4phase,Hybrid: G → TS → GP → G (15d each),18,0.6666666666666667,0.3486111111111111,6.277777777777778,194,5.517933921833357,1.1666666666666667,0.0,0.16666666666666666,0.6666666666666666,0.8333333333333334,1.1666666666666667
hybrid_6phase,Hybrid: G/TS/GP/TS/GP/G (10d each),18,0.5,0.3472222222222222,6.416666666666667,194,5.172621844333359,0.8333333333333334,0.0,0.16666666666666666,0.5,0.6666666666666666,0.8333333333333334
hybrid_adaptive,Adaptive: warm-up → TS/GP → greedy,18,0.6111111111111112,0.3491666666666667,6.166666666666667,194,5.1860731489444385,1.0,0.0,0.16666666666666666,0.6666666666666666,0.8333333333333334,1.0
