contrast,scenario,mean_difference,ci95_low,ci95_high,wins,ties,losses
potential_asks_vs_default_greedy,development,0.3,0.1,0.5,5,5,0
potential_asks_vs_default_greedy,sparse,0.05,-0.1,0.2,2,7,1
potential_asks_vs_default_greedy,cold_start,-0.15,-0.45,0.15,3,2,5
potential_asks_vs_default_greedy,delayed,0.15,-0.1,0.4,3,6,1
potential_asks_vs_default_greedy,shift,0.1,-0.2,0.4,3,6,1
potential_asks_vs_default_greedy,drift,0.25,0.05,0.45,4,6,0
potential_asks_vs_default_maxweight,development,0.35,0.05,0.65,7,1,2
potential_asks_vs_default_maxweight,sparse,0.1,0.0,0.25,2,8,0
potential_asks_vs_default_maxweight,cold_start,-0.2,-0.7,0.25,3,3,4
potential_asks_vs_default_maxweight,delayed,-0.05,-0.35,0.3,2,5,3
potential_asks_vs_default_maxweight,shift,0.15,0.0,0.35,2,8,0
potential_asks_vs_default_maxweight,drift,0.35,0.05,0.6,6,3,1
maxweight_vs_greedy_default_asks,development,0.1,0.0,0.25,2,8,0
maxweight_vs_greedy_default_asks,sparse,-0.05,-0.15,0.0,0,9,1
maxweight_vs_greedy_default_asks,cold_start,0.05,-0.3,0.4,4,3,3
maxweight_vs_greedy_default_asks,delayed,0.2,0.0,0.4,5,4,1
maxweight_vs_greedy_default_asks,shift,0.0,-0.25,0.2,2,7,1
maxweight_vs_greedy_default_asks,drift,0.05,0.0,0.15,1,9,0
maxweight_vs_greedy_potential_asks,development,0.15,0.0,0.3,3,7,0
maxweight_vs_greedy_potential_asks,sparse,0.0,0.0,0.0,0,10,0
maxweight_vs_greedy_potential_asks,cold_start,0.0,-0.2,0.25,1,7,2
maxweight_vs_greedy_potential_asks,delayed,0.0,0.0,0.0,0,10,0
maxweight_vs_greedy_potential_asks,shift,0.05,0.0,0.15,1,9,0
maxweight_vs_greedy_potential_asks,drift,0.15,0.0,0.3,3,7,0
