method,episodes,equal_variant_weight_msmi_per_100,mean_coverage,mean_mutual_acceptances_per_100,mean_ask_cost,mean_in_process_policy_seconds
potential_ask,18,0.638888888888889,0.3477777777777778,6.416666666666667,194,5.911716398833328
potential_ask_greedy,18,0.6111111111111112,0.34805555555555556,6.0,194,5.739610597666658
thompson_pattern,18,0.4722222222222222,0.3472222222222222,5.888888888888889,194.16666666666666,5.579965144222222
gp_ucb,18,0.3888888888888889,0.3452777777777778,6.361111111111111,194.16666666666666,5.631885214166624
greedy,18,0.3888888888888889,0.3488888888888889,6.083333333333333,194.16666666666666,5.31349418527779
max_weight_similarity,18,0.3888888888888889,0.3466666666666667,6.083333333333333,194.16666666666666,5.54444575611112
random_feasible,18,0.2777777777777778,0.3475,5.861111111111111,194.16666666666666,5.462640538944445
ga_tuned,18,0.2222222222222222,0.3452777777777778,5.833333333333333,194.16666666666666,5.504343969722224
gp_mean,18,0.2222222222222222,0.3358333333333333,4.972222222222222,194.16666666666666,5.692443346777749
core_max_matching,18,0.19444444444444442,0.3452777777777778,5.611111111111111,194.16666666666666,5.515940109000023
no_ask,18,0.1111111111111111,0.1225,1.8055555555555556,0,6.432864958000001
